Source;Target;Label;Weight
2;1;"Edge from 2 to 1";1
16;1;"Edge from 16 to 1";1
1;2;"Edge from 1 to 2";1
3;2;"Edge from 3 to 2";1
4;2;"Edge from 4 to 2";1
7;2;"Edge from 7 to 2";1
33;2;"Edge from 33 to 2";1
93;2;"Edge from 93 to 2";1
115;2;"Edge from 115 to 2";1
138;2;"Edge from 138 to 2";1
154;2;"Edge from 154 to 2";1
160;2;"Edge from 160 to 2";1
2;3;"Edge from 2 to 3";1
12;3;"Edge from 12 to 3";1
15;3;"Edge from 15 to 3";1
21;3;"Edge from 21 to 3";1
23;3;"Edge from 23 to 3";1
39;3;"Edge from 39 to 3";1
74;3;"Edge from 74 to 3";1
76;3;"Edge from 76 to 3";1
81;3;"Edge from 81 to 3";1
83;3;"Edge from 83 to 3";1
108;3;"Edge from 108 to 3";1
113;3;"Edge from 113 to 3";1
136;3;"Edge from 136 to 3";1
158;3;"Edge from 158 to 3";1
170;3;"Edge from 170 to 3";1
171;3;"Edge from 171 to 3";1
2;4;"Edge from 2 to 4";1
5;4;"Edge from 5 to 4";1
8;4;"Edge from 8 to 4";1
10;4;"Edge from 10 to 4";1
17;4;"Edge from 17 to 4";1
19;4;"Edge from 19 to 4";1
22;4;"Edge from 22 to 4";1
27;4;"Edge from 27 to 4";1
29;4;"Edge from 29 to 4";1
38;4;"Edge from 38 to 4";1
42;4;"Edge from 42 to 4";1
46;4;"Edge from 46 to 4";1
48;4;"Edge from 48 to 4";1
53;4;"Edge from 53 to 4";1
59;4;"Edge from 59 to 4";1
64;4;"Edge from 64 to 4";1
77;4;"Edge from 77 to 4";1
79;4;"Edge from 79 to 4";1
87;4;"Edge from 87 to 4";1
126;4;"Edge from 126 to 4";1
128;4;"Edge from 128 to 4";1
142;4;"Edge from 142 to 4";1
146;4;"Edge from 146 to 4";1
147;4;"Edge from 147 to 4";1
159;4;"Edge from 159 to 4";1
161;4;"Edge from 161 to 4";1
186;4;"Edge from 186 to 4";1
187;4;"Edge from 187 to 4";1
193;4;"Edge from 193 to 4";1
4;5;"Edge from 4 to 5";1
6;5;"Edge from 6 to 5";1
31;5;"Edge from 31 to 5";1
32;5;"Edge from 32 to 5";1
117;5;"Edge from 117 to 5";1
5;6;"Edge from 5 to 6";1
13;6;"Edge from 13 to 6";1
30;6;"Edge from 30 to 6";1
47;6;"Edge from 47 to 6";1
55;6;"Edge from 55 to 6";1
96;6;"Edge from 96 to 6";1
150;6;"Edge from 150 to 6";1
2;7;"Edge from 2 to 7";1
9;7;"Edge from 9 to 7";1
14;7;"Edge from 14 to 7";1
82;7;"Edge from 82 to 7";1
4;8;"Edge from 4 to 8";1
106;8;"Edge from 106 to 8";1
7;9;"Edge from 7 to 9";1
11;9;"Edge from 11 to 9";1
44;9;"Edge from 44 to 9";1
153;9;"Edge from 153 to 9";1
4;10;"Edge from 4 to 10";1
43;10;"Edge from 43 to 10";1
51;10;"Edge from 51 to 10";1
9;11;"Edge from 9 to 11";1
3;12;"Edge from 3 to 12";1
184;12;"Edge from 184 to 12";1
6;13;"Edge from 6 to 13";1
20;13;"Edge from 20 to 13";1
24;13;"Edge from 24 to 13";1
25;13;"Edge from 25 to 13";1
26;13;"Edge from 26 to 13";1
28;13;"Edge from 28 to 13";1
34;13;"Edge from 34 to 13";1
36;13;"Edge from 36 to 13";1
40;13;"Edge from 40 to 13";1
45;13;"Edge from 45 to 13";1
54;13;"Edge from 54 to 13";1
60;13;"Edge from 60 to 13";1
67;13;"Edge from 67 to 13";1
68;13;"Edge from 68 to 13";1
78;13;"Edge from 78 to 13";1
86;13;"Edge from 86 to 13";1
89;13;"Edge from 89 to 13";1
95;13;"Edge from 95 to 13";1
98;13;"Edge from 98 to 13";1
101;13;"Edge from 101 to 13";1
105;13;"Edge from 105 to 13";1
111;13;"Edge from 111 to 13";1
135;13;"Edge from 135 to 13";1
139;13;"Edge from 139 to 13";1
152;13;"Edge from 152 to 13";1
180;13;"Edge from 180 to 13";1
181;13;"Edge from 181 to 13";1
189;13;"Edge from 189 to 13";1
197;13;"Edge from 197 to 13";1
7;14;"Edge from 7 to 14";1
37;14;"Edge from 37 to 14";1
164;14;"Edge from 164 to 14";1
3;15;"Edge from 3 to 15";1
1;16;"Edge from 1 to 16";1
18;16;"Edge from 18 to 16";1
35;16;"Edge from 35 to 16";1
52;16;"Edge from 52 to 16";1
97;16;"Edge from 97 to 16";1
127;16;"Edge from 127 to 16";1
4;17;"Edge from 4 to 17";1
182;17;"Edge from 182 to 17";1
16;18;"Edge from 16 to 18";1
4;19;"Edge from 4 to 19";1
13;20;"Edge from 13 to 20";1
66;20;"Edge from 66 to 20";1
91;20;"Edge from 91 to 20";1
99;20;"Edge from 99 to 20";1
173;20;"Edge from 173 to 20";1
3;21;"Edge from 3 to 21";1
58;21;"Edge from 58 to 21";1
156;21;"Edge from 156 to 21";1
199;21;"Edge from 199 to 21";1
4;22;"Edge from 4 to 22";1
134;22;"Edge from 134 to 22";1
3;23;"Edge from 3 to 23";1
148;23;"Edge from 148 to 23";1
155;23;"Edge from 155 to 23";1
13;24;"Edge from 13 to 24";1
57;24;"Edge from 57 to 24";1
69;24;"Edge from 69 to 24";1
72;24;"Edge from 72 to 24";1
92;24;"Edge from 92 to 24";1
121;24;"Edge from 121 to 24";1
137;24;"Edge from 137 to 24";1
163;24;"Edge from 163 to 24";1
190;24;"Edge from 190 to 24";1
13;25;"Edge from 13 to 25";1
63;25;"Edge from 63 to 25";1
65;25;"Edge from 65 to 25";1
131;25;"Edge from 131 to 25";1
13;26;"Edge from 13 to 26";1
4;27;"Edge from 4 to 27";1
13;28;"Edge from 13 to 28";1
4;29;"Edge from 4 to 29";1
114;29;"Edge from 114 to 29";1
130;29;"Edge from 130 to 29";1
6;30;"Edge from 6 to 30";1
103;30;"Edge from 103 to 30";1
124;30;"Edge from 124 to 30";1
5;31;"Edge from 5 to 31";1
41;31;"Edge from 41 to 31";1
50;31;"Edge from 50 to 31";1
80;31;"Edge from 80 to 31";1
5;32;"Edge from 5 to 32";1
110;32;"Edge from 110 to 32";1
140;32;"Edge from 140 to 32";1
144;32;"Edge from 144 to 32";1
178;32;"Edge from 178 to 32";1
2;33;"Edge from 2 to 33";1
13;34;"Edge from 13 to 34";1
49;34;"Edge from 49 to 34";1
125;34;"Edge from 125 to 34";1
172;34;"Edge from 172 to 34";1
16;35;"Edge from 16 to 35";1
133;35;"Edge from 133 to 35";1
13;36;"Edge from 13 to 36";1
116;36;"Edge from 116 to 36";1
175;36;"Edge from 175 to 36";1
14;37;"Edge from 14 to 37";1
85;37;"Edge from 85 to 37";1
4;38;"Edge from 4 to 38";1
94;38;"Edge from 94 to 38";1
3;39;"Edge from 3 to 39";1
13;40;"Edge from 13 to 40";1
56;40;"Edge from 56 to 40";1
71;40;"Edge from 71 to 40";1
84;40;"Edge from 84 to 40";1
31;41;"Edge from 31 to 41";1
4;42;"Edge from 4 to 42";1
10;43;"Edge from 10 to 43";1
9;44;"Edge from 9 to 44";1
13;45;"Edge from 13 to 45";1
118;45;"Edge from 118 to 45";1
4;46;"Edge from 4 to 46";1
165;46;"Edge from 165 to 46";1
176;46;"Edge from 176 to 46";1
6;47;"Edge from 6 to 47";1
4;48;"Edge from 4 to 48";1
192;48;"Edge from 192 to 48";1
34;49;"Edge from 34 to 49";1
88;49;"Edge from 88 to 49";1
31;50;"Edge from 31 to 50";1
10;51;"Edge from 10 to 51";1
70;51;"Edge from 70 to 51";1
183;51;"Edge from 183 to 51";1
198;51;"Edge from 198 to 51";1
16;52;"Edge from 16 to 52";1
4;53;"Edge from 4 to 53";1
13;54;"Edge from 13 to 54";1
6;55;"Edge from 6 to 55";1
40;56;"Edge from 40 to 56";1
62;56;"Edge from 62 to 56";1
90;56;"Edge from 90 to 56";1
24;57;"Edge from 24 to 57";1
21;58;"Edge from 21 to 58";1
200;58;"Edge from 200 to 58";1
4;59;"Edge from 4 to 59";1
61;59;"Edge from 61 to 59";1
102;59;"Edge from 102 to 59";1
191;59;"Edge from 191 to 59";1
13;60;"Edge from 13 to 60";1
59;61;"Edge from 59 to 61";1
122;61;"Edge from 122 to 61";1
56;62;"Edge from 56 to 62";1
73;62;"Edge from 73 to 62";1
143;62;"Edge from 143 to 62";1
25;63;"Edge from 25 to 63";1
4;64;"Edge from 4 to 64";1
25;65;"Edge from 25 to 65";1
20;66;"Edge from 20 to 66";1
157;66;"Edge from 157 to 66";1
162;66;"Edge from 162 to 66";1
13;67;"Edge from 13 to 67";1
13;68;"Edge from 13 to 68";1
129;68;"Edge from 129 to 68";1
24;69;"Edge from 24 to 69";1
51;70;"Edge from 51 to 70";1
40;71;"Edge from 40 to 71";1
24;72;"Edge from 24 to 72";1
62;73;"Edge from 62 to 73";1
75;73;"Edge from 75 to 73";1
3;74;"Edge from 3 to 74";1
73;75;"Edge from 73 to 75";1
3;76;"Edge from 3 to 76";1
123;76;"Edge from 123 to 76";1
4;77;"Edge from 4 to 77";1
13;78;"Edge from 13 to 78";1
4;79;"Edge from 4 to 79";1
31;80;"Edge from 31 to 80";1
3;81;"Edge from 3 to 81";1
7;82;"Edge from 7 to 82";1
104;82;"Edge from 104 to 82";1
168;82;"Edge from 168 to 82";1
185;82;"Edge from 185 to 82";1
3;83;"Edge from 3 to 83";1
40;84;"Edge from 40 to 84";1
37;85;"Edge from 37 to 85";1
13;86;"Edge from 13 to 86";1
4;87;"Edge from 4 to 87";1
49;88;"Edge from 49 to 88";1
13;89;"Edge from 13 to 89";1
107;89;"Edge from 107 to 89";1
145;89;"Edge from 145 to 89";1
151;89;"Edge from 151 to 89";1
56;90;"Edge from 56 to 90";1
20;91;"Edge from 20 to 91";1
24;92;"Edge from 24 to 92";1
2;93;"Edge from 2 to 93";1
38;94;"Edge from 38 to 94";1
120;94;"Edge from 120 to 94";1
13;95;"Edge from 13 to 95";1
100;95;"Edge from 100 to 95";1
149;95;"Edge from 149 to 95";1
6;96;"Edge from 6 to 96";1
16;97;"Edge from 16 to 97";1
13;98;"Edge from 13 to 98";1
109;98;"Edge from 109 to 98";1
20;99;"Edge from 20 to 99";1
95;100;"Edge from 95 to 100";1
13;101;"Edge from 13 to 101";1
59;102;"Edge from 59 to 102";1
30;103;"Edge from 30 to 103";1
82;104;"Edge from 82 to 104";1
132;104;"Edge from 132 to 104";1
13;105;"Edge from 13 to 105";1
8;106;"Edge from 8 to 106";1
89;107;"Edge from 89 to 107";1
3;108;"Edge from 3 to 108";1
98;109;"Edge from 98 to 109";1
32;110;"Edge from 32 to 110";1
112;110;"Edge from 112 to 110";1
13;111;"Edge from 13 to 111";1
110;112;"Edge from 110 to 112";1
3;113;"Edge from 3 to 113";1
29;114;"Edge from 29 to 114";1
119;114;"Edge from 119 to 114";1
167;114;"Edge from 167 to 114";1
2;115;"Edge from 2 to 115";1
36;116;"Edge from 36 to 116";1
5;117;"Edge from 5 to 117";1
45;118;"Edge from 45 to 118";1
114;119;"Edge from 114 to 119";1
94;120;"Edge from 94 to 120";1
24;121;"Edge from 24 to 121";1
61;122;"Edge from 61 to 122";1
76;123;"Edge from 76 to 123";1
30;124;"Edge from 30 to 124";1
34;125;"Edge from 34 to 125";1
4;126;"Edge from 4 to 126";1
16;127;"Edge from 16 to 127";1
4;128;"Edge from 4 to 128";1
68;129;"Edge from 68 to 129";1
29;130;"Edge from 29 to 130";1
25;131;"Edge from 25 to 131";1
141;131;"Edge from 141 to 131";1
196;131;"Edge from 196 to 131";1
104;132;"Edge from 104 to 132";1
35;133;"Edge from 35 to 133";1
22;134;"Edge from 22 to 134";1
13;135;"Edge from 13 to 135";1
3;136;"Edge from 3 to 136";1
24;137;"Edge from 24 to 137";1
2;138;"Edge from 2 to 138";1
13;139;"Edge from 13 to 139";1
179;139;"Edge from 179 to 139";1
32;140;"Edge from 32 to 140";1
131;141;"Edge from 131 to 141";1
4;142;"Edge from 4 to 142";1
169;142;"Edge from 169 to 142";1
177;142;"Edge from 177 to 142";1
188;142;"Edge from 188 to 142";1
62;143;"Edge from 62 to 143";1
32;144;"Edge from 32 to 144";1
89;145;"Edge from 89 to 145";1
4;146;"Edge from 4 to 146";1
4;147;"Edge from 4 to 147";1
194;147;"Edge from 194 to 147";1
23;148;"Edge from 23 to 148";1
95;149;"Edge from 95 to 149";1
6;150;"Edge from 6 to 150";1
89;151;"Edge from 89 to 151";1
13;152;"Edge from 13 to 152";1
9;153;"Edge from 9 to 153";1
174;153;"Edge from 174 to 153";1
2;154;"Edge from 2 to 154";1
23;155;"Edge from 23 to 155";1
21;156;"Edge from 21 to 156";1
66;157;"Edge from 66 to 157";1
3;158;"Edge from 3 to 158";1
4;159;"Edge from 4 to 159";1
2;160;"Edge from 2 to 160";1
4;161;"Edge from 4 to 161";1
66;162;"Edge from 66 to 162";1
24;163;"Edge from 24 to 163";1
166;163;"Edge from 166 to 163";1
14;164;"Edge from 14 to 164";1
46;165;"Edge from 46 to 165";1
163;166;"Edge from 163 to 166";1
114;167;"Edge from 114 to 167";1
82;168;"Edge from 82 to 168";1
142;169;"Edge from 142 to 169";1
3;170;"Edge from 3 to 170";1
3;171;"Edge from 3 to 171";1
34;172;"Edge from 34 to 172";1
20;173;"Edge from 20 to 173";1
153;174;"Edge from 153 to 174";1
36;175;"Edge from 36 to 175";1
46;176;"Edge from 46 to 176";1
195;176;"Edge from 195 to 176";1
142;177;"Edge from 142 to 177";1
32;178;"Edge from 32 to 178";1
139;179;"Edge from 139 to 179";1
13;180;"Edge from 13 to 180";1
13;181;"Edge from 13 to 181";1
17;182;"Edge from 17 to 182";1
51;183;"Edge from 51 to 183";1
12;184;"Edge from 12 to 184";1
82;185;"Edge from 82 to 185";1
4;186;"Edge from 4 to 186";1
4;187;"Edge from 4 to 187";1
142;188;"Edge from 142 to 188";1
13;189;"Edge from 13 to 189";1
24;190;"Edge from 24 to 190";1
59;191;"Edge from 59 to 191";1
48;192;"Edge from 48 to 192";1
4;193;"Edge from 4 to 193";1
147;194;"Edge from 147 to 194";1
176;195;"Edge from 176 to 195";1
131;196;"Edge from 131 to 196";1
13;197;"Edge from 13 to 197";1
51;198;"Edge from 51 to 198";1
21;199;"Edge from 21 to 199";1
58;200;"Edge from 58 to 200";1
